-1.2e-06,3.44012975967e-229,3.12974210982e-229
-1e-06,3.41426412238e-229,3.12974210982e-229
-8e-07,3.41426412238e-229,3.12974210982e-229
-6e-07,3.41426412238e-229,3.10387647255e-229
-4e-07,3.44012975967e-229,3.12974210982e-229
-2e-07,3.44012975967e-229,3.12974210982e-229
0,3.44012975967e-229,3.12974210982e-229
2e-07,3.41426412238e-229,3.54359230616e-229
4e-07,3.44012975967e-229,3.51772666889e-229
6e-07,3.44012975967e-229,3.51772666889e-229
8e-07,3.44012975967e-229,3.54359230616e-229
1e-06,3.44012975967e-229,3.51772666889e-229
1.2e-06,3.41426412238e-229,3.54359230616e-229
1.4e-06,3.44012975967e-229,3.54359230616e-229
1.6e-06,3.44012975967e-229,3.51772666889e-229
1.8e-06,3.44012975967e-229,3.54359230616e-229
2e-06,3.41426412238e-229,3.12974210982e-229
2.2e-06,3.41426412238e-229,3.10387647255e-229
2.4e-06,3.44012975967e-229,3.15560774709e-229
2.6e-06,3.41426412238e-229,3.15560774709e-229
2.8e-06,3.44012975967e-229,3.12974210982e-229
3e-06,3.44012975967e-229,3.12974210982e-229
3.2e-06,3.44012975967e-229,3.12974210982e-229
3.4e-06,3.44012975967e-229,3.12974210982e-229
3.6e-06,3.46599539696e-229,3.12974210982e-229
3.8e-06,3.44012975967e-229,3.12974210982e-229
4e-06,3.41426412238e-229,3.12974210982e-229
4.2e-06,3.41426412238e-229,3.12974210982e-229
4.4e-06,3.41426412238e-229,3.12974210982e-229
4.6e-06,3.44012975967e-229,3.12974210982e-229
4.8e-06,3.44012975967e-229,3.12974210982e-229
5e-06,3.41426412238e-229,3.12974210982e-229
5.2e-06,3.41426412238e-229,3.12974210982e-229
5.4e-06,3.41426412238e-229,3.12974210982e-229
5.6e-06,3.44012975967e-229,3.12974210982e-229
5.8e-06,3.41426412238e-229,3.10387647255e-229
6e-06,3.41426412238e-229,3.12974210982e-229
6.2e-06,3.41426412238e-229,3.12974210982e-229
6.4e-06,3.41426412238e-229,3.12974210982e-229
6.6e-06,3.44012975967e-229,3.12974210982e-229
6.8e-06,3.44012975967e-229,3.12974210982e-229
7e-06,3.41426412238e-229,3.12974210982e-229
7.2e-06,3.41426412238e-229,3.12974210982e-229
7.4e-06,3.44012975967e-229,3.12974210982e-229
7.6e-06,3.44012975967e-229,3.12974210982e-229
7.8e-06,3.44012975967e-229,3.12974210982e-229
8e-06,3.41426412238e-229,3.12974210982e-229
8.2e-06,3.41426412238e-229,3.10387647255e-229
8.4e-06,3.44012975967e-229,3.12974210982e-229
8.6e-06,3.44012975967e-229,3.10387647255e-229
8.8e-06,3.41426412238e-229,3.12974210982e-229
9e-06,3.41426412238e-229,3.12974210982e-229
9.2e-06,3.41426412238e-229,3.10387647255e-229
9.4e-06,3.44012975967e-229,3.12974210982e-229
9.6e-06,3.44012975967e-229,3.12974210982e-229
9.8e-06,3.41426412238e-229,3.12974210982e-229
1e-05,3.41426412238e-229,3.10387647255e-229
1.02e-05,3.44012975967e-229,3.10387647255e-229
1.04e-05,3.44012975967e-229,3.12974210982e-229
1.06e-05,3.44012975967e-229,3.12974210982e-229
1.08e-05,3.41426412238e-229,3.12974210982e-229
1.1e-05,3.41426412238e-229,3.12974210982e-229
1.12e-05,3.44012975967e-229,3.12974210982e-229
1.14e-05,3.44012975967e-229,3.12974210982e-229
1.16e-05,3.44012975967e-229,3.12974210982e-229
1.18e-05,3.41426412238e-229,3.12974210982e-229
1.2e-05,3.41426412238e-229,3.12974210982e-229
1.22e-05,3.41426412238e-229,3.12974210982e-229
1.24e-05,3.44012975967e-229,3.12974210982e-229
1.26e-05,3.44012975967e-229,3.12974210982e-229
1.28e-05,3.44012975967e-229,3.12974210982e-229
1.3e-05,3.41426412238e-229,3.10387647255e-229
1.32e-05,3.44012975967e-229,3.12974210982e-229
1.34e-05,3.44012975967e-229,3.12974210982e-229
1.36e-05,3.44012975967e-229,3.12974210982e-229
1.38e-05,3.44012975967e-229,3.12974210982e-229
1.4e-05,3.41426412238e-229,3.12974210982e-229
1.42e-05,3.44012975967e-229,3.12974210982e-229
1.44e-05,3.44012975967e-229,3.12974210982e-229
1.46e-05,3.44012975967e-229,3.10387647255e-229
1.48e-05,3.44012975967e-229,3.12974210982e-229
1.5e-05,3.44012975967e-229,3.12974210982e-229
1.52e-05,3.44012975967e-229,3.10387647255e-229
1.54e-05,3.44012975967e-229,3.12974210982e-229
1.56e-05,3.44012975967e-229,3.12974210982e-229
1.58e-05,3.41426412238e-229,3.12974210982e-229
1.6e-05,3.41426412238e-229,3.10387647255e-229
1.62e-05,3.41426412238e-229,3.10387647255e-229
1.64e-05,3.44012975967e-229,3.12974210982e-229
1.66e-05,3.44012975967e-229,3.12974210982e-229
1.68e-05,3.41426412238e-229,3.12974210982e-229
1.7e-05,3.41426412238e-229,3.12974210982e-229
1.72e-05,3.44012975967e-229,3.12974210982e-229
1.74e-05,3.44012975967e-229,3.12974210982e-229
1.76e-05,3.44012975967e-229,3.12974210982e-229
1.78e-05,3.41426412238e-229,3.12974210982e-229
1.8e-05,3.41426412238e-229,3.12974210982e-229
1.82e-05,3.44012975967e-229,3.12974210982e-229
1.84e-05,3.44012975967e-229,3.15560774709e-229
1.86e-05,3.46599539696e-229,3.12974210982e-229
1.88e-05,3.44012975967e-229,3.12974210982e-229
1.9e-05,3.41426412238e-229,3.12974210982e-229
1.92e-05,3.44012975967e-229,3.12974210982e-229
1.94e-05,3.46599539696e-229,3.12974210982e-229
1.96e-05,3.44012975967e-229,3.12974210982e-229
1.98e-05,3.41426412238e-229,3.12974210982e-229
2e-05,3.41426412238e-229,3.12974210982e-229
2.02e-05,3.41426412238e-229,3.10387647255e-229
2.04e-05,3.41426412238e-229,3.12974210982e-229
2.06e-05,3.41426412238e-229,3.12974210982e-229
2.08e-05,3.3366672105e-229,3.12974210982e-229
2.1e-05,3.31080157321e-229,3.12974210982e-229
2.12e-05,3.28493593592e-229,3.12974210982e-229
2.14e-05,3.28493593592e-229,3.12974210982e-229
2.16e-05,3.23320466134e-229,3.12974210982e-229
2.18e-05,3.15560774947e-229,3.12974210982e-229
2.2e-05,3.12974211218e-229,3.12974210982e-229
2.22e-05,3.0780108376e-229,3.12974210982e-229
2.24e-05,3.0780108376e-229,3.12974210982e-229
2.26e-05,3.02627956301e-229,3.12974210982e-229
2.28e-05,2.97454828843e-229,3.15560774709e-229
2.3e-05,2.94868265114e-229,3.10387647255e-229
2.32e-05,2.94868265114e-229,3.12974210982e-229
2.34e-05,2.97454828843e-229,3.12974210982e-229
2.36e-05,2.97454828843e-229,3.12974210982e-229
2.38e-05,2.97454828843e-229,3.12974210982e-229
2.4e-05,2.97454828843e-229,3.10387647255e-229
2.42e-05,3.02627956301e-229,3.12974210982e-229
2.44e-05,3.0780108376e-229,3.12974210982e-229
2.46e-05,3.12974211218e-229,3.12974210982e-229
2.48e-05,3.15560774947e-229,3.10387647255e-229
2.5e-05,3.18147338676e-229,3.12974210982e-229
2.52e-05,3.23320466134e-229,3.12974210982e-229
2.54e-05,3.28493593592e-229,3.12974210982e-229
2.56e-05,3.31080157321e-229,3.12974210982e-229
2.58e-05,3.31080157321e-229,3.12974210982e-229
2.6e-05,3.3366672105e-229,3.12974210982e-229
2.62e-05,3.36253284779e-229,3.12974210982e-229
2.64e-05,3.41426412238e-229,3.12974210982e-229
2.66e-05,3.38839848509e-229,3.12974210982e-229
2.68e-05,3.38839848509e-229,3.12974210982e-229
2.7e-05,3.41426412238e-229,3.12974210982e-229
2.72e-05,3.41426412238e-229,3.12974210982e-229
2.74e-05,3.44012975967e-229,3.12974210982e-229
2.76e-05,3.46599539696e-229,3.12974210982e-229
2.78e-05,3.44012975967e-229,3.12974210982e-229
2.8e-05,3.49186103425e-229,3.12974210982e-229
2.82e-05,3.51772667154e-229,3.12974210982e-229
2.84e-05,3.59532358341e-229,3.12974210982e-229
2.86e-05,3.64705485799e-229,3.12974210982e-229
2.88e-05,3.67292049528e-229,3.12974210982e-229
2.9e-05,3.75051740716e-229,3.10387647255e-229
2.92e-05,3.82811431903e-229,3.12974210982e-229
2.94e-05,3.9057112309e-229,3.12974210982e-229
2.96e-05,3.95744250548e-229,3.12974210982e-229
2.98e-05,3.98330814277e-229,3.12974210982e-229
3e-05,4.00917378006e-229,3.12974210982e-229
3.02e-05,4.03503941735e-229,3.12974210982e-229
3.04e-05,4.03503941735e-229,3.12974210982e-229
3.06e-05,4.00917378006e-229,3.12974210982e-229
3.08e-05,3.9057112309e-229,3.12974210982e-229
3.1e-05,3.80224868174e-229,3.12974210982e-229
3.12e-05,3.67292049528e-229,3.12974210982e-229
3.14e-05,3.54359230883e-229,3.12974210982e-229
3.16e-05,3.38839848509e-229,3.12974210982e-229
3.18e-05,3.18147338676e-229,3.12974210982e-229
3.2e-05,3.00041392572e-229,3.12974210982e-229
3.22e-05,2.81935446469e-229,3.12974210982e-229
3.24e-05,2.66416064094e-229,3.12974210982e-229
3.26e-05,2.48310117991e-229,3.12974210982e-229
3.28e-05,2.27617608158e-229,3.12974210982e-229
3.3e-05,2.14684789513e-229,3.12974210982e-229
3.32e-05,2.01751970868e-229,3.12974210982e-229
3.34e-05,1.86232588493e-229,3.12974210982e-229
3.36e-05,1.75886333577e-229,3.12974210982e-229
3.38e-05,1.65540078661e-229,3.12974210982e-229
3.4e-05,1.57780387473e-229,3.12974210982e-229
3.42e-05,1.55193823744e-229,3.12974210982e-229
3.44e-05,1.55193823744e-229,3.12974210982e-229
3.46e-05,1.57780387473e-229,3.12974210982e-229
3.48e-05,1.62953514932e-229,3.12974210982e-229
3.5e-05,1.73299769848e-229,3.12974210982e-229
3.52e-05,1.91405715951e-229,3.12974210982e-229
3.54e-05,2.12098225784e-229,3.12974210982e-229
3.56e-05,2.35377299346e-229,3.12974210982e-229
3.58e-05,2.63829500365e-229,3.12974210982e-229
3.6e-05,2.97454828843e-229,3.12974210982e-229
3.62e-05,3.3366672105e-229,3.12974210982e-229
3.64e-05,3.72465176986e-229,3.12974210982e-229
3.66e-05,4.08677069193e-229,3.12974210982e-229
3.68e-05,4.39715833942e-229,3.12974210982e-229
3.7e-05,4.7334116242e-229,3.12974210982e-229
3.72e-05,5.04379927169e-229,3.12974210982e-229
3.74e-05,5.27659000731e-229,3.12974210982e-229
3.76e-05,5.45764946834e-229,3.12974210982e-229
3.78e-05,5.56111201751e-229,3.12974210982e-229
3.8e-05,5.61284329209e-229,3.12974210982e-229
3.82e-05,5.61284329209e-229,3.12974210982e-229
3.84e-05,5.56111201751e-229,3.12974210982e-229
3.86e-05,5.45764946834e-229,3.12974210982e-229
3.88e-05,5.3024556446e-229,3.12974210982e-229
3.9e-05,5.14726182085e-229,3.12974210982e-229
3.92e-05,4.99206799711e-229,3.12974210982e-229
3.94e-05,4.81100853608e-229,3.12974210982e-229
3.96e-05,4.65581471233e-229,3.12974210982e-229
3.98e-05,4.50062088859e-229,3.12974210982e-229
4e-05,4.39715833942e-229,3.12974210982e-229
4.02e-05,4.31956142755e-229,3.12974210982e-229
4.04e-05,4.26783015297e-229,3.12974210982e-229
4.06e-05,4.24196451568e-229,3.12974210982e-229
4.08e-05,4.21609887839e-229,3.10387647255e-229
4.1e-05,4.24196451568e-229,3.12974210982e-229
4.12e-05,4.26783015297e-229,3.12974210982e-229
4.14e-05,4.31956142755e-229,3.12974210982e-229
4.16e-05,4.34542706484e-229,3.12974210982e-229
4.18e-05,4.39715833942e-229,3.12974210982e-229
4.2e-05,4.448889614e-229,3.12974210982e-229
4.22e-05,4.50062088859e-229,3.12974210982e-229
4.24e-05,4.55235216317e-229,3.12974210982e-229
4.26e-05,4.57821780046e-229,3.12974210982e-229
4.28e-05,4.60408343775e-229,3.12974210982e-229
4.3e-05,4.62994907504e-229,3.12974210982e-229
4.32e-05,4.65581471233e-229,3.12974210982e-229
4.34e-05,4.65581471233e-229,3.12974210982e-229
4.36e-05,4.65581471233e-229,3.12974210982e-229
4.38e-05,4.65581471233e-229,3.10387647255e-229
4.4e-05,4.65581471233e-229,3.12974210982e-229
4.42e-05,4.65581471233e-229,3.12974210982e-229
4.44e-05,4.60408343775e-229,3.12974210982e-229
4.46e-05,4.57821780046e-229,3.12974210982e-229
4.48e-05,4.52648652588e-229,3.10387647255e-229
4.5e-05,4.4747552513e-229,3.12974210982e-229
4.52e-05,4.42302397671e-229,3.12974210982e-229
4.54e-05,4.31956142755e-229,3.12974210982e-229
4.56e-05,4.21609887839e-229,3.12974210982e-229
4.58e-05,4.06090505464e-229,3.12974210982e-229
4.6e-05,3.9057112309e-229,3.12974210982e-229
4.62e-05,3.72465176986e-229,3.12974210982e-229
4.64e-05,3.51772667154e-229,3.12974210982e-229
4.66e-05,3.25907029863e-229,3.10387647255e-229
4.68e-05,2.97454828843e-229,3.12974210982e-229
4.7e-05,2.71589191553e-229,3.12974210982e-229
4.72e-05,2.48310117991e-229,3.12974210982e-229
4.74e-05,2.27617608158e-229,3.10387647255e-229
4.76e-05,2.06925098326e-229,3.12974210982e-229
4.78e-05,1.88819152222e-229,3.12974210982e-229
4.8e-05,1.78472897306e-229,3.12974210982e-229
4.82e-05,1.75886333577e-229,3.12974210982e-229
4.84e-05,1.78472897306e-229,3.12974210982e-229
4.86e-05,1.86232588493e-229,3.12974210982e-229
4.88e-05,2.01751970868e-229,3.10387647255e-229
4.9e-05,2.19857916971e-229,3.12974210982e-229
4.92e-05,2.45723554262e-229,3.12974210982e-229
4.94e-05,2.69002627824e-229,3.12974210982e-229
4.96e-05,2.97454828843e-229,3.12974210982e-229
4.98e-05,3.25907029863e-229,3.12974210982e-229
5e-05,3.51772667154e-229,3.12974210982e-229
5.02e-05,3.77638304445e-229,3.12974210982e-229
5.04e-05,3.98330814277e-229,3.12974210982e-229
5.06e-05,4.13850196652e-229,3.12974210982e-229
5.08e-05,4.24196451568e-229,3.10387647255e-229
5.1e-05,4.34542706484e-229,3.12974210982e-229
5.12e-05,4.37129270213e-229,3.12974210982e-229
5.14e-05,4.34542706484e-229,3.12974210982e-229
5.16e-05,4.26783015297e-229,3.10387647255e-229
5.18e-05,4.1902332411e-229,3.12974210982e-229
5.2e-05,4.06090505464e-229,3.12974210982e-229
5.22e-05,3.93157686819e-229,3.12974210982e-229
5.24e-05,3.72465176986e-229,3.12974210982e-229
5.26e-05,3.51772667154e-229,3.12974210982e-229
5.28e-05,3.3366672105e-229,3.10387647255e-229
5.3e-05,3.15560774947e-229,3.12974210982e-229
5.32e-05,2.94868265114e-229,3.12974210982e-229
5.34e-05,2.74175755282e-229,3.12974210982e-229
5.36e-05,2.56069809178e-229,3.12974210982e-229
5.38e-05,2.40550426804e-229,3.12974210982e-229
5.4e-05,2.27617608158e-229,3.12974210982e-229
5.42e-05,2.17271353242e-229,3.12974210982e-229
5.44e-05,2.09511662055e-229,3.12974210982e-229
5.46e-05,2.04338534597e-229,3.12974210982e-229
5.48e-05,2.04338534597e-229,3.12974210982e-229
5.5e-05,2.09511662055e-229,3.12974210982e-229
5.52e-05,2.19857916971e-229,3.12974210982e-229
5.54e-05,2.32790735617e-229,3.12974210982e-229
5.56e-05,2.48310117991e-229,3.12974210982e-229
5.58e-05,2.66416064094e-229,3.10387647255e-229
5.6e-05,2.87108573927e-229,3.12974210982e-229
5.62e-05,3.0780108376e-229,3.12974210982e-229
5.64e-05,3.23320466134e-229,3.12974210982e-229
5.66e-05,3.36253284779e-229,3.12974210982e-229
5.68e-05,3.46599539696e-229,3.10387647255e-229
5.7e-05,3.49186103425e-229,3.12974210982e-229
5.72e-05,3.46599539696e-229,3.12974210982e-229
5.74e-05,3.36253284779e-229,3.12974210982e-229
5.76e-05,3.20733902405e-229,3.12974210982e-229
5.78e-05,3.0780108376e-229,3.12974210982e-229
5.8e-05,2.89695137656e-229,3.12974210982e-229
5.82e-05,2.74175755282e-229,3.12974210982e-229
5.84e-05,2.56069809178e-229,3.12974210982e-229
5.86e-05,2.45723554262e-229,3.12974210982e-229
5.88e-05,2.40550426804e-229,3.10387647255e-229
5.9e-05,2.43136990533e-229,3.12974210982e-229
5.92e-05,2.45723554262e-229,3.12974210982e-229
5.94e-05,2.5089668172e-229,3.12974210982e-229
5.96e-05,2.63829500365e-229,3.12974210982e-229
5.98e-05,2.81935446469e-229,3.12974210982e-229
6e-05,3.00041392572e-229,3.12974210982e-229
6.02e-05,3.18147338676e-229,3.12974210982e-229
6.04e-05,3.31080157321e-229,3.12974210982e-229
6.06e-05,3.44012975967e-229,3.12974210982e-229
6.08e-05,3.59532358341e-229,3.10387647255e-229
6.1e-05,3.72465176986e-229,3.12974210982e-229
6.12e-05,3.80224868174e-229,3.12974210982e-229
6.14e-05,3.82811431903e-229,3.12974210982e-229
6.16e-05,3.85397995632e-229,3.10387647255e-229
6.18e-05,3.93157686819e-229,3.12974210982e-229
6.2e-05,3.98330814277e-229,3.12974210982e-229
6.22e-05,4.00917378006e-229,3.12974210982e-229
6.24e-05,4.03503941735e-229,3.12974210982e-229
6.26e-05,4.06090505464e-229,3.12974210982e-229
6.28e-05,4.11263632923e-229,3.10387647255e-229
6.3e-05,4.16436760381e-229,3.12974210982e-229
6.32e-05,4.21609887839e-229,3.12974210982e-229
6.34e-05,4.24196451568e-229,3.12974210982e-229
6.36e-05,4.26783015297e-229,3.12974210982e-229
6.38e-05,4.34542706484e-229,3.12974210982e-229
6.4e-05,4.39715833942e-229,3.12974210982e-229
6.42e-05,4.448889614e-229,3.12974210982e-229
6.44e-05,4.4747552513e-229,3.12974210982e-229
6.46e-05,4.50062088859e-229,3.12974210982e-229
6.48e-05,4.55235216317e-229,3.10387647255e-229
6.5e-05,4.55235216317e-229,3.12974210982e-229
6.52e-05,4.52648652588e-229,3.12974210982e-229
6.54e-05,4.448889614e-229,3.12974210982e-229
6.56e-05,4.34542706484e-229,3.12974210982e-229
6.58e-05,4.24196451568e-229,3.10387647255e-229
6.6e-05,4.08677069193e-229,3.12974210982e-229
6.62e-05,3.9057112309e-229,3.12974210982e-229
6.64e-05,3.67292049528e-229,3.12974210982e-229
6.66e-05,3.41426412238e-229,3.10387647255e-229
6.68e-05,3.23320466134e-229,3.12974210982e-229
6.7e-05,3.00041392572e-229,3.12974210982e-229
6.72e-05,2.81935446469e-229,3.12974210982e-229
6.74e-05,2.61242936636e-229,3.12974210982e-229
6.76e-05,2.48310117991e-229,3.12974210982e-229
6.78e-05,2.37963863075e-229,3.10387647255e-229
6.8e-05,2.30204171887e-229,3.12974210982e-229
6.82e-05,2.25031044429e-229,3.12974210982e-229
6.84e-05,2.19857916971e-229,3.12974210982e-229
6.86e-05,2.17271353242e-229,3.10387647255e-229
6.88e-05,2.19857916971e-229,3.12974210982e-229
6.9e-05,2.25031044429e-229,3.12974210982e-229
6.92e-05,2.30204171887e-229,3.12974210982e-229
6.94e-05,2.32790735617e-229,3.12974210982e-229
6.96e-05,2.37963863075e-229,3.10387647255e-229
6.98e-05,2.48310117991e-229,3.12974210982e-229
7e-05,2.56069809178e-229,3.10387647255e-229
7.02e-05,2.66416064094e-229,3.12974210982e-229
7.04e-05,2.71589191553e-229,3.12974210982e-229
7.06e-05,2.81935446469e-229,3.10387647255e-229
7.08e-05,2.92281701385e-229,3.12974210982e-229
7.1e-05,3.0780108376e-229,3.12974210982e-229
7.12e-05,3.15560774947e-229,3.10387647255e-229
7.14e-05,3.18147338676e-229,3.12974210982e-229
7.16e-05,3.23320466134e-229,3.10387647255e-229
7.18e-05,3.31080157321e-229,3.10387647255e-229
7.2e-05,3.36253284779e-229,3.12974210982e-229
7.22e-05,3.38839848509e-229,3.12974210982e-229
7.24e-05,3.36253284779e-229,3.12974210982e-229
7.26e-05,3.36253284779e-229,3.10387647255e-229
7.28e-05,3.38839848509e-229,3.12974210982e-229
7.3e-05,3.41426412238e-229,3.12974210982e-229
7.32e-05,3.44012975967e-229,3.12974210982e-229
7.34e-05,3.44012975967e-229,3.12974210982e-229
7.36e-05,3.46599539696e-229,3.12974210982e-229
7.38e-05,3.54359230883e-229,3.12974210982e-229
7.4e-05,3.6211892207e-229,3.10387647255e-229
7.42e-05,3.69878613257e-229,3.12974210982e-229
7.44e-05,3.72465176986e-229,3.12974210982e-229
7.46e-05,3.80224868174e-229,3.12974210982e-229
7.48e-05,3.9057112309e-229,3.12974210982e-229
7.5e-05,4.00917378006e-229,3.12974210982e-229
7.52e-05,4.11263632923e-229,3.10387647255e-229
7.54e-05,4.16436760381e-229,3.12974210982e-229
7.56e-05,4.24196451568e-229,3.10387647255e-229
7.58e-05,4.37129270213e-229,3.12974210982e-229
7.6e-05,4.448889614e-229,3.12974210982e-229
7.62e-05,4.55235216317e-229,3.12974210982e-229
7.64e-05,4.57821780046e-229,3.12974210982e-229
7.66e-05,4.65581471233e-229,3.10387647255e-229
7.68e-05,4.65581471233e-229,3.12974210982e-229
7.7e-05,4.68168034962e-229,3.10387647255e-229
7.72e-05,4.62994907504e-229,3.10387647255e-229
7.74e-05,4.52648652588e-229,3.12974210982e-229
7.76e-05,4.39715833942e-229,3.12974210982e-229
7.78e-05,4.24196451568e-229,3.12974210982e-229
7.8e-05,4.08677069193e-229,3.12974210982e-229
7.82e-05,3.87984559361e-229,3.12974210982e-229
7.84e-05,3.6211892207e-229,3.12974210982e-229
7.86e-05,3.41426412238e-229,3.10387647255e-229
7.88e-05,3.20733902405e-229,3.12974210982e-229
7.9e-05,3.0780108376e-229,3.12974210982e-229
7.92e-05,2.89695137656e-229,3.12974210982e-229
7.94e-05,2.7934888274e-229,3.12974210982e-229
7.96e-05,2.74175755282e-229,3.10387647255e-229
7.98e-05,2.76762319011e-229,3.12974210982e-229
8e-05,2.7934888274e-229,3.10387647255e-229
8.02e-05,2.87108573927e-229,3.12974210982e-229
8.04e-05,2.97454828843e-229,3.12974210982e-229
8.06e-05,3.10387647489e-229,3.10387647255e-229
8.08e-05,3.25907029863e-229,3.12974210982e-229
8.1e-05,3.41426412238e-229,3.12974210982e-229
8.12e-05,3.54359230883e-229,3.12974210982e-229
8.14e-05,3.67292049528e-229,3.12974210982e-229
8.16e-05,3.77638304445e-229,3.10387647255e-229
8.18e-05,3.9057112309e-229,3.12974210982e-229
8.2e-05,3.98330814277e-229,3.12974210982e-229
8.22e-05,4.00917378006e-229,3.12974210982e-229
8.24e-05,4.00917378006e-229,3.12974210982e-229
8.26e-05,4.03503941735e-229,3.10387647255e-229
8.28e-05,4.00917378006e-229,3.12974210982e-229
8.3e-05,3.98330814277e-229,3.12974210982e-229
8.32e-05,3.9057112309e-229,3.10387647255e-229
8.34e-05,3.82811431903e-229,3.10387647255e-229
8.36e-05,3.75051740716e-229,3.12974210982e-229
8.38e-05,3.67292049528e-229,3.12974210982e-229
8.4e-05,3.56945794612e-229,3.12974210982e-229
8.42e-05,3.46599539696e-229,3.12974210982e-229
8.44e-05,3.36253284779e-229,3.12974210982e-229
8.46e-05,3.25907029863e-229,3.12974210982e-229
8.48e-05,3.18147338676e-229,3.12974210982e-229
8.5e-05,3.10387647489e-229,3.10387647255e-229
8.52e-05,3.00041392572e-229,3.12974210982e-229
8.54e-05,2.89695137656e-229,3.12974210982e-229
8.56e-05,2.84522010198e-229,3.10387647255e-229
8.58e-05,2.7934888274e-229,3.12974210982e-229
8.6e-05,2.74175755282e-229,3.12974210982e-229
8.62e-05,2.69002627824e-229,3.12974210982e-229
8.64e-05,2.63829500365e-229,3.12974210982e-229
8.66e-05,2.63829500365e-229,3.12974210982e-229
8.68e-05,2.63829500365e-229,3.12974210982e-229
8.7e-05,2.69002627824e-229,3.10387647255e-229
8.72e-05,2.71589191553e-229,3.10387647255e-229
8.74e-05,2.7934888274e-229,3.10387647255e-229
8.76e-05,2.89695137656e-229,3.12974210982e-229
8.78e-05,3.00041392572e-229,3.12974210982e-229
8.8e-05,3.12974211218e-229,3.12974210982e-229
8.82e-05,3.28493593592e-229,3.12974210982e-229
8.84e-05,3.41426412238e-229,3.10387647255e-229
8.86e-05,3.59532358341e-229,3.12974210982e-229
8.88e-05,3.75051740716e-229,3.12974210982e-229
8.9e-05,3.9057112309e-229,3.12974210982e-229
8.92e-05,4.00917378006e-229,3.12974210982e-229
8.94e-05,4.11263632923e-229,3.12974210982e-229
8.96e-05,4.21609887839e-229,3.12974210982e-229
8.98e-05,4.24196451568e-229,3.12974210982e-229
9e-05,4.29369579026e-229,3.12974210982e-229
9.02e-05,4.26783015297e-229,3.12974210982e-229
9.04e-05,4.24196451568e-229,3.12974210982e-229
9.06e-05,4.1902332411e-229,3.12974210982e-229
9.08e-05,4.13850196652e-229,3.12974210982e-229
9.1e-05,4.06090505464e-229,3.12974210982e-229
9.12e-05,3.93157686819e-229,3.12974210982e-229
9.14e-05,3.82811431903e-229,3.12974210982e-229
9.16e-05,3.69878613257e-229,3.12974210982e-229
9.18e-05,3.59532358341e-229,3.12974210982e-229
9.2e-05,3.46599539696e-229,3.12974210982e-229
9.22e-05,3.3366672105e-229,3.12974210982e-229
9.24e-05,3.20733902405e-229,3.12974210982e-229
9.26e-05,3.0780108376e-229,3.12974210982e-229
9.28e-05,2.94868265114e-229,3.12974210982e-229
9.3e-05,2.84522010198e-229,3.12974210982e-229
9.32e-05,2.71589191553e-229,3.12974210982e-229
9.34e-05,2.63829500365e-229,3.12974210982e-229
9.36e-05,2.56069809178e-229,3.12974210982e-229
9.38e-05,2.5089668172e-229,3.12974210982e-229
9.4e-05,2.45723554262e-229,3.12974210982e-229
9.42e-05,2.43136990533e-229,3.12974210982e-229
9.44e-05,2.40550426804e-229,3.12974210982e-229
9.46e-05,2.40550426804e-229,3.12974210982e-229
9.48e-05,2.45723554262e-229,3.12974210982e-229
9.5e-05,2.48310117991e-229,3.12974210982e-229
9.52e-05,2.5089668172e-229,3.10387647255e-229
9.54e-05,2.56069809178e-229,3.10387647255e-229
9.56e-05,2.61242936636e-229,3.12974210982e-229
9.58e-05,2.66416064094e-229,3.12974210982e-229
9.6e-05,2.69002627824e-229,3.12974210982e-229
9.62e-05,2.71589191553e-229,3.12974210982e-229
9.64e-05,2.74175755282e-229,3.12974210982e-229
9.66e-05,2.76762319011e-229,3.12974210982e-229
9.68e-05,2.76762319011e-229,3.12974210982e-229
9.7e-05,2.76762319011e-229,3.10387647255e-229
9.72e-05,2.74175755282e-229,3.12974210982e-229
9.74e-05,2.71589191553e-229,3.12974210982e-229
9.76e-05,2.71589191553e-229,3.12974210982e-229
9.78e-05,2.69002627824e-229,3.12974210982e-229
9.8e-05,2.66416064094e-229,3.12974210982e-229
9.82e-05,2.66416064094e-229,3.12974210982e-229
9.84e-05,2.66416064094e-229,3.12974210982e-229
9.86e-05,2.66416064094e-229,3.12974210982e-229
9.88e-05,2.69002627824e-229,3.12974210982e-229
9.9e-05,2.71589191553e-229,3.12974210982e-229
9.92e-05,2.74175755282e-229,3.10387647255e-229
9.94e-05,2.7934888274e-229,3.12974210982e-229
9.96e-05,2.87108573927e-229,3.12974210982e-229
9.98e-05,2.89695137656e-229,3.12974210982e-229
0.0001,2.97454828843e-229,3.12974210982e-229
0.0001002,3.00041392572e-229,3.12974210982e-229
0.0001004,3.05214520031e-229,3.12974210982e-229
0.0001006,3.10387647489e-229,3.12974210982e-229
0.0001008,3.12974211218e-229,3.12974210982e-229
0.000101,3.18147338676e-229,3.12974210982e-229
0.0001012,3.20733902405e-229,3.10387647255e-229
0.0001014,3.20733902405e-229,3.10387647255e-229
0.0001016,3.25907029863e-229,3.12974210982e-229
0.0001018,3.28493593592e-229,3.12974210982e-229
0.000102,3.31080157321e-229,3.12974210982e-229
0.0001022,3.36253284779e-229,3.12974210982e-229
0.0001024,3.44012975967e-229,3.10387647255e-229
0.0001026,3.54359230883e-229,3.12974210982e-229
0.0001028,3.64705485799e-229,3.12974210982e-229
0.000103,3.75051740716e-229,3.12974210982e-229
0.0001032,3.87984559361e-229,3.12974210982e-229
0.0001034,4.06090505464e-229,3.12974210982e-229
0.0001036,4.21609887839e-229,3.12974210982e-229
0.0001038,4.39715833942e-229,3.12974210982e-229
0.000104,4.57821780046e-229,3.12974210982e-229
0.0001042,4.75927726149e-229,3.12974210982e-229
0.0001044,4.94033672253e-229,3.10387647255e-229
0.0001046,5.09553054627e-229,3.12974210982e-229
0.0001048,5.25072437002e-229,3.12974210982e-229
0.000105,5.35418691918e-229,3.10387647255e-229
0.0001052,5.40591819376e-229,3.12974210982e-229
0.0001054,5.48351510563e-229,3.10387647255e-229
0.0001056,5.48351510563e-229,3.15560774709e-229
0.0001058,5.48351510563e-229,3.12974210982e-229
0.000106,5.40591819376e-229,3.12974210982e-229
0.0001062,5.3024556446e-229,3.12974210982e-229
0.0001064,5.19899309544e-229,3.12974210982e-229
0.0001066,5.06966490898e-229,3.12974210982e-229
0.0001068,4.91447108524e-229,3.12974210982e-229
0.000107,4.7334116242e-229,3.12974210982e-229
0.0001072,4.50062088859e-229,3.12974210982e-229
0.0001074,4.31956142755e-229,3.10387647255e-229
0.0001076,4.11263632923e-229,3.12974210982e-229
0.0001078,3.9057112309e-229,3.12974210982e-229
0.000108,3.69878613257e-229,3.12974210982e-229
0.0001082,3.46599539696e-229,3.12974210982e-229
0.0001084,3.31080157321e-229,3.10387647255e-229
0.0001086,3.18147338676e-229,3.12974210982e-229
0.0001088,3.05214520031e-229,3.12974210982e-229
0.000109,2.92281701385e-229,3.12974210982e-229
0.0001092,2.84522010198e-229,3.12974210982e-229
0.0001094,2.81935446469e-229,3.12974210982e-229
0.0001096,2.7934888274e-229,3.12974210982e-229
0.0001098,2.81935446469e-229,3.12974210982e-229
0.00011,2.81935446469e-229,3.12974210982e-229
0.0001102,2.84522010198e-229,3.12974210982e-229
0.0001104,2.89695137656e-229,3.12974210982e-229
0.0001106,2.97454828843e-229,3.12974210982e-229
0.0001108,3.05214520031e-229,3.12974210982e-229
0.000111,3.05214520031e-229,3.12974210982e-229
0.0001112,3.0780108376e-229,3.10387647255e-229
0.0001114,3.10387647489e-229,3.12974210982e-229
0.0001116,3.12974211218e-229,3.12974210982e-229
0.0001118,3.15560774947e-229,3.12974210982e-229
0.000112,3.12974211218e-229,3.12974210982e-229
0.0001122,3.12974211218e-229,3.10387647255e-229
0.0001124,3.15560774947e-229,3.12974210982e-229
0.0001126,3.18147338676e-229,3.12974210982e-229
0.0001128,3.20733902405e-229,3.12974210982e-229
0.000113,3.20733902405e-229,3.12974210982e-229
0.0001132,3.23320466134e-229,3.12974210982e-229
0.0001134,3.28493593592e-229,3.10387647255e-229
0.0001136,3.3366672105e-229,3.12974210982e-229
0.0001138,3.41426412238e-229,3.12974210982e-229
0.000114,3.46599539696e-229,3.12974210982e-229
0.0001142,3.51772667154e-229,3.12974210982e-229
0.0001144,3.59532358341e-229,3.12974210982e-229
0.0001146,3.64705485799e-229,3.12974210982e-229
0.0001148,3.72465176986e-229,3.12974210982e-229
0.000115,3.72465176986e-229,3.12974210982e-229
0.0001152,3.77638304445e-229,3.10387647255e-229
0.0001154,3.80224868174e-229,3.12974210982e-229
0.0001156,3.85397995632e-229,3.12974210982e-229
0.0001158,3.85397995632e-229,3.12974210982e-229
0.000116,3.82811431903e-229,3.12974210982e-229
0.0001162,3.80224868174e-229,3.12974210982e-229
0.0001164,3.82811431903e-229,3.10387647255e-229
0.0001166,3.82811431903e-229,3.12974210982e-229
0.0001168,3.77638304445e-229,3.12974210982e-229
0.000117,3.69878613257e-229,3.12974210982e-229
0.0001172,3.64705485799e-229,3.12974210982e-229
0.0001174,3.56945794612e-229,3.12974210982e-229
0.0001176,3.51772667154e-229,3.12974210982e-229
0.0001178,3.38839848509e-229,3.12974210982e-229
0.000118,3.25907029863e-229,3.12974210982e-229
0.0001182,3.12974211218e-229,3.12974210982e-229
0.0001184,3.00041392572e-229,3.12974210982e-229
0.0001186,2.87108573927e-229,3.12974210982e-229
0.0001188,2.74175755282e-229,3.12974210982e-229
0.000119,2.56069809178e-229,3.15560774709e-229
0.0001192,2.45723554262e-229,3.12974210982e-229
0.0001194,2.35377299346e-229,3.12974210982e-229
0.0001196,2.27617608158e-229,3.12974210982e-229
0.0001198,2.224444807e-229,3.12974210982e-229
0.00012,2.14684789513e-229,3.12974210982e-229
0.0001202,2.12098225784e-229,3.12974210982e-229
0.0001204,2.14684789513e-229,3.12974210982e-229
0.0001206,2.19857916971e-229,3.12974210982e-229
0.0001208,2.25031044429e-229,3.12974210982e-229
0.000121,2.30204171887e-229,3.15560774709e-229
0.0001212,2.40550426804e-229,3.12974210982e-229
0.0001214,2.5089668172e-229,3.12974210982e-229
0.0001216,2.66416064094e-229,3.12974210982e-229
0.0001218,2.76762319011e-229,3.12974210982e-229
0.000122,2.87108573927e-229,3.12974210982e-229
0.0001222,3.00041392572e-229,3.10387647255e-229
0.0001224,3.15560774947e-229,3.12974210982e-229
0.0001226,3.28493593592e-229,3.12974210982e-229
0.0001228,3.38839848509e-229,3.12974210982e-229
0.000123,3.44012975967e-229,3.12974210982e-229
0.0001232,3.51772667154e-229,3.12974210982e-229
0.0001234,3.59532358341e-229,3.12974210982e-229
0.0001236,3.69878613257e-229,3.12974210982e-229
0.0001238,3.72465176986e-229,3.12974210982e-229
0.000124,3.72465176986e-229,3.12974210982e-229
0.0001242,3.75051740716e-229,3.12974210982e-229
0.0001244,3.75051740716e-229,3.12974210982e-229
0.0001246,3.77638304445e-229,3.12974210982e-229
0.0001248,3.80224868174e-229,3.12974210982e-229
0.000125,3.75051740716e-229,3.12974210982e-229
0.0001252,3.75051740716e-229,3.10387647255e-229
0.0001254,3.75051740716e-229,3.12974210982e-229
0.0001256,3.80224868174e-229,3.12974210982e-229
0.0001258,3.80224868174e-229,3.12974210982e-229
0.000126,3.80224868174e-229,3.12974210982e-229
0.0001262,3.82811431903e-229,3.12974210982e-229
0.0001264,3.85397995632e-229,3.12974210982e-229
0.0001266,3.9057112309e-229,3.12974210982e-229
0.0001268,3.93157686819e-229,3.12974210982e-229
0.000127,3.93157686819e-229,3.12974210982e-229
0.0001272,3.98330814277e-229,3.12974210982e-229
0.0001274,4.00917378006e-229,3.12974210982e-229
0.0001276,4.06090505464e-229,3.12974210982e-229
0.0001278,4.11263632923e-229,3.12974210982e-229
0.000128,4.08677069193e-229,3.12974210982e-229
0.0001282,4.11263632923e-229,3.12974210982e-229
0.0001284,4.13850196652e-229,3.12974210982e-229
0.0001286,4.13850196652e-229,3.12974210982e-229
0.0001288,4.13850196652e-229,3.12974210982e-229
0.000129,4.08677069193e-229,3.12974210982e-229
0.0001292,4.06090505464e-229,3.12974210982e-229
0.0001294,4.03503941735e-229,3.12974210982e-229
0.0001296,4.00917378006e-229,3.12974210982e-229
0.0001298,3.95744250548e-229,3.12974210982e-229
0.00013,3.9057112309e-229,3.10387647255e-229
0.0001302,3.85397995632e-229,3.12974210982e-229
0.0001304,3.82811431903e-229,3.12974210982e-229
0.0001306,3.77638304445e-229,3.12974210982e-229
0.0001308,3.72465176986e-229,3.12974210982e-229
0.000131,3.64705485799e-229,3.12974210982e-229
0.0001312,3.59532358341e-229,3.12974210982e-229
0.0001314,3.51772667154e-229,3.12974210982e-229
0.0001316,3.49186103425e-229,3.15560774709e-229
0.0001318,3.41426412238e-229,3.12974210982e-229
0.000132,3.31080157321e-229,3.12974210982e-229
0.0001322,3.25907029863e-229,3.12974210982e-229
0.0001324,3.20733902405e-229,3.12974210982e-229
0.0001326,3.12974211218e-229,3.12974210982e-229
0.0001328,3.0780108376e-229,3.12974210982e-229
0.000133,2.97454828843e-229,3.12974210982e-229
0.0001332,2.89695137656e-229,3.12974210982e-229
0.0001334,2.84522010198e-229,3.12974210982e-229
0.0001336,2.7934888274e-229,3.12974210982e-229
0.0001338,2.74175755282e-229,3.12974210982e-229
0.000134,2.69002627824e-229,3.12974210982e-229
0.0001342,2.63829500365e-229,3.12974210982e-229
0.0001344,2.61242936636e-229,3.12974210982e-229
0.0001346,2.58656372907e-229,3.12974210982e-229
0.0001348,2.58656372907e-229,3.12974210982e-229
0.000135,2.58656372907e-229,3.12974210982e-229
0.0001352,2.58656372907e-229,3.12974210982e-229
0.0001354,2.61242936636e-229,3.12974210982e-229
0.0001356,2.63829500365e-229,3.12974210982e-229
0.0001358,2.69002627824e-229,3.12974210982e-229
0.000136,2.69002627824e-229,3.12974210982e-229
0.0001362,2.76762319011e-229,3.12974210982e-229
0.0001364,2.81935446469e-229,3.12974210982e-229
0.0001366,2.87108573927e-229,3.12974210982e-229
0.0001368,2.92281701385e-229,3.12974210982e-229
0.000137,2.97454828843e-229,3.12974210982e-229
0.0001372,3.0780108376e-229,3.12974210982e-229
0.0001374,3.12974211218e-229,3.12974210982e-229
0.0001376,3.20733902405e-229,3.12974210982e-229
0.0001378,3.28493593592e-229,3.12974210982e-229
0.000138,3.38839848509e-229,3.12974210982e-229
0.0001382,3.46599539696e-229,3.12974210982e-229
0.0001384,3.59532358341e-229,3.12974210982e-229
0.0001386,3.69878613257e-229,3.12974210982e-229
0.0001388,3.80224868174e-229,3.12974210982e-229
0.000139,3.9057112309e-229,3.12974210982e-229
0.0001392,4.03503941735e-229,3.12974210982e-229
0.0001394,4.16436760381e-229,3.12974210982e-229
0.0001396,4.24196451568e-229,3.12974210982e-229
0.0001398,4.34542706484e-229,3.12974210982e-229
0.00014,4.448889614e-229,3.12974210982e-229
0.0001402,4.55235216317e-229,3.12974210982e-229
0.0001404,4.62994907504e-229,3.12974210982e-229
0.0001406,4.70754598691e-229,3.12974210982e-229
0.0001408,4.7334116242e-229,3.12974210982e-229
0.000141,4.75927726149e-229,3.12974210982e-229
0.0001412,4.75927726149e-229,3.12974210982e-229
0.0001414,4.75927726149e-229,3.15560774709e-229
0.0001416,4.68168034962e-229,3.12974210982e-229
0.0001418,4.60408343775e-229,3.12974210982e-229
0.000142,4.52648652588e-229,3.10387647255e-229
0.0001422,4.42302397671e-229,3.12974210982e-229
0.0001424,4.29369579026e-229,3.12974210982e-229
0.0001426,4.16436760381e-229,3.12974210982e-229
0.0001428,4.00917378006e-229,3.12974210982e-229
0.000143,3.85397995632e-229,3.10387647255e-229
0.0001432,3.69878613257e-229,3.12974210982e-229
0.0001434,3.54359230883e-229,3.12974210982e-229
0.0001436,3.41426412238e-229,3.12974210982e-229
0.0001438,3.28493593592e-229,3.12974210982e-229
0.000144,3.18147338676e-229,3.12974210982e-229
0.0001442,3.10387647489e-229,3.12974210982e-229
0.0001444,3.0780108376e-229,3.12974210982e-229
0.0001446,3.05214520031e-229,3.12974210982e-229
0.0001448,3.02627956301e-229,3.12974210982e-229
0.000145,3.0780108376e-229,3.12974210982e-229
0.0001452,3.10387647489e-229,3.12974210982e-229
0.0001454,3.18147338676e-229,3.12974210982e-229
0.0001456,3.25907029863e-229,3.12974210982e-229
0.0001458,3.31080157321e-229,3.12974210982e-229
0.000146,3.41426412238e-229,3.12974210982e-229
0.0001462,3.49186103425e-229,3.12974210982e-229
0.0001464,3.59532358341e-229,3.12974210982e-229
0.0001466,3.67292049528e-229,3.10387647255e-229
0.0001468,3.72465176986e-229,3.12974210982e-229
0.000147,3.77638304445e-229,3.12974210982e-229
0.0001472,3.82811431903e-229,3.12974210982e-229
0.0001474,3.85397995632e-229,3.12974210982e-229
0.0001476,3.87984559361e-229,3.12974210982e-229
0.0001478,3.87984559361e-229,3.12974210982e-229
0.000148,3.87984559361e-229,3.10387647255e-229
0.0001482,3.85397995632e-229,3.12974210982e-229
0.0001484,3.82811431903e-229,3.12974210982e-229
0.0001486,3.75051740716e-229,3.12974210982e-229
0.0001488,3.69878613257e-229,3.12974210982e-229
0.000149,3.64705485799e-229,3.10387647255e-229
0.0001492,3.56945794612e-229,3.12974210982e-229
0.0001494,3.51772667154e-229,3.12974210982e-229
0.0001496,3.41426412238e-229,3.12974210982e-229
0.0001498,3.31080157321e-229,3.10387647255e-229
0.00015,3.25907029863e-229,3.12974210982e-229
0.0001502,3.18147338676e-229,3.12974210982e-229
0.0001504,3.10387647489e-229,3.12974210982e-229
0.0001506,3.05214520031e-229,3.12974210982e-229
0.0001508,2.94868265114e-229,3.10387647255e-229
0.000151,2.92281701385e-229,3.10387647255e-229
0.0001512,2.89695137656e-229,3.12974210982e-229
0.0001514,2.89695137656e-229,3.12974210982e-229
0.0001516,2.87108573927e-229,3.12974210982e-229
0.0001518,2.87108573927e-229,3.12974210982e-229
0.000152,2.89695137656e-229,3.10387647255e-229
0.0001522,2.94868265114e-229,3.12974210982e-229
0.0001524,3.00041392572e-229,3.15560774709e-229
0.0001526,3.05214520031e-229,3.12974210982e-229
0.0001528,3.10387647489e-229,3.12974210982e-229
0.000153,3.20733902405e-229,3.10387647255e-229
0.0001532,3.31080157321e-229,3.12974210982e-229
0.0001534,3.44012975967e-229,3.12974210982e-229
0.0001536,3.51772667154e-229,3.12974210982e-229
0.0001538,3.6211892207e-229,3.12974210982e-229
0.000154,3.72465176986e-229,3.10387647255e-229
0.0001542,3.85397995632e-229,3.12974210982e-229
0.0001544,3.95744250548e-229,3.12974210982e-229
0.0001546,4.03503941735e-229,3.12974210982e-229
0.0001548,4.08677069193e-229,3.10387647255e-229
0.000155,4.16436760381e-229,3.12974210982e-229
0.0001552,4.24196451568e-229,3.12974210982e-229
0.0001554,4.24196451568e-229,3.12974210982e-229
0.0001556,4.24196451568e-229,3.12974210982e-229
0.0001558,4.21609887839e-229,3.10387647255e-229
0.000156,4.21609887839e-229,3.10387647255e-229
0.0001562,4.16436760381e-229,3.12974210982e-229
0.0001564,4.08677069193e-229,3.12974210982e-229
0.0001566,3.98330814277e-229,3.12974210982e-229
0.0001568,3.85397995632e-229,3.12974210982e-229
0.000157,3.75051740716e-229,3.12974210982e-229
0.0001572,3.6211892207e-229,3.12974210982e-229
0.0001574,3.49186103425e-229,3.12974210982e-229
0.0001576,3.31080157321e-229,3.12974210982e-229
0.0001578,3.15560774947e-229,3.12974210982e-229
0.000158,3.02627956301e-229,3.12974210982e-229
0.0001582,2.89695137656e-229,3.12974210982e-229
0.0001584,2.76762319011e-229,3.12974210982e-229
0.0001586,2.61242936636e-229,3.12974210982e-229
0.0001588,2.48310117991e-229,3.12974210982e-229
0.000159,2.40550426804e-229,3.10387647255e-229
0.0001592,2.32790735617e-229,3.12974210982e-229
0.0001594,2.25031044429e-229,3.12974210982e-229
0.0001596,2.14684789513e-229,3.12974210982e-229
0.0001598,2.06925098326e-229,3.12974210982e-229
0.00016,2.06925098326e-229,3.12974210982e-229
0.0001602,2.04338534597e-229,3.12974210982e-229
0.0001604,2.06925098326e-229,3.12974210982e-229
0.0001606,2.01751970868e-229,3.12974210982e-229
0.0001608,2.04338534597e-229,3.10387647255e-229
0.000161,2.09511662055e-229,3.12974210982e-229
0.0001612,2.14684789513e-229,3.12974210982e-229
0.0001614,2.224444807e-229,3.12974210982e-229
0.0001616,2.25031044429e-229,3.12974210982e-229
0.0001618,2.32790735617e-229,3.10387647255e-229
0.000162,2.40550426804e-229,3.10387647255e-229
0.0001622,2.48310117991e-229,3.12974210982e-229
0.0001624,2.58656372907e-229,3.12974210982e-229
0.0001626,2.63829500365e-229,3.12974210982e-229
0.0001628,2.71589191553e-229,3.10387647255e-229
0.000163,2.81935446469e-229,3.12974210982e-229
0.0001632,2.92281701385e-229,3.12974210982e-229
0.0001634,3.00041392572e-229,3.12974210982e-229
0.0001636,3.0780108376e-229,3.12974210982e-229
0.0001638,3.15560774947e-229,3.10387647255e-229
0.000164,3.28493593592e-229,3.12974210982e-229
0.0001642,3.38839848509e-229,3.12974210982e-229
0.0001644,3.46599539696e-229,3.12974210982e-229
0.0001646,3.51772667154e-229,3.12974210982e-229
0.0001648,3.6211892207e-229,3.12974210982e-229
0.000165,3.75051740716e-229,3.10387647255e-229
0.0001652,3.85397995632e-229,3.12974210982e-229
0.0001654,3.95744250548e-229,3.12974210982e-229
0.0001656,4.00917378006e-229,3.12974210982e-229
0.0001658,4.06090505464e-229,3.10387647255e-229
0.000166,4.16436760381e-229,3.12974210982e-229
0.0001662,4.24196451568e-229,3.12974210982e-229
0.0001664,4.26783015297e-229,3.12974210982e-229
0.0001666,4.29369579026e-229,3.12974210982e-229
0.0001668,4.29369579026e-229,3.10387647255e-229
0.000167,4.31956142755e-229,3.12974210982e-229
0.0001672,4.34542706484e-229,3.12974210982e-229
0.0001674,4.31956142755e-229,3.12974210982e-229
0.0001676,4.24196451568e-229,3.12974210982e-229
0.0001678,4.24196451568e-229,3.12974210982e-229
0.000168,4.21609887839e-229,3.12974210982e-229
0.0001682,4.16436760381e-229,3.12974210982e-229
0.0001684,4.11263632923e-229,3.12974210982e-229
0.0001686,4.03503941735e-229,3.12974210982e-229
0.0001688,4.00917378006e-229,3.10387647255e-229
0.000169,3.98330814277e-229,3.12974210982e-229
0.0001692,3.98330814277e-229,3.12974210982e-229
0.0001694,3.95744250548e-229,3.12974210982e-229
0.0001696,3.93157686819e-229,3.12974210982e-229
0.0001698,3.93157686819e-229,3.10387647255e-229
0.00017,3.95744250548e-229,3.12974210982e-229
0.0001702,3.98330814277e-229,3.12974210982e-229
0.0001704,4.00917378006e-229,3.12974210982e-229
0.0001706,3.98330814277e-229,3.12974210982e-229
0.0001708,3.98330814277e-229,3.10387647255e-229
0.000171,4.00917378006e-229,3.12974210982e-229
0.0001712,4.03503941735e-229,3.12974210982e-229
0.0001714,4.03503941735e-229,3.12974210982e-229
0.0001716,3.95744250548e-229,3.12974210982e-229
0.0001718,3.95744250548e-229,3.10387647255e-229
0.000172,3.93157686819e-229,3.12974210982e-229
0.0001722,3.93157686819e-229,3.12974210982e-229
0.0001724,3.9057112309e-229,3.12974210982e-229
0.0001726,3.85397995632e-229,3.12974210982e-229
0.0001728,3.80224868174e-229,3.10387647255e-229
0.000173,3.80224868174e-229,3.12974210982e-229
0.0001732,3.82811431903e-229,3.12974210982e-229
0.0001734,3.80224868174e-229,3.12974210982e-229
0.0001736,3.75051740716e-229,3.12974210982e-229
0.0001738,3.75051740716e-229,3.10387647255e-229
0.000174,3.77638304445e-229,3.12974210982e-229
0.0001742,3.80224868174e-229,3.10387647255e-229
0.0001744,3.82811431903e-229,3.12974210982e-229
0.0001746,3.80224868174e-229,3.12974210982e-229
0.0001748,3.80224868174e-229,3.10387647255e-229
0.000175,3.82811431903e-229,3.12974210982e-229
0.0001752,3.82811431903e-229,3.12974210982e-229
0.0001754,3.80224868174e-229,3.10387647255e-229
0.0001756,3.77638304445e-229,3.10387647255e-229
0.0001758,3.75051740716e-229,3.10387647255e-229
0.000176,3.72465176986e-229,3.12974210982e-229
0.0001762,3.69878613257e-229,3.12974210982e-229
0.0001764,3.6211892207e-229,3.12974210982e-229
0.0001766,3.54359230883e-229,3.12974210982e-229
0.0001768,3.49186103425e-229,3.12974210982e-229
0.000177,3.46599539696e-229,3.12974210982e-229
0.0001772,3.44012975967e-229,3.12974210982e-229
0.0001774,3.38839848509e-229,3.10387647255e-229
0.0001776,3.3366672105e-229,3.12974210982e-229
0.0001778,3.31080157321e-229,3.12974210982e-229
0.000178,3.31080157321e-229,3.12974210982e-229
0.0001782,3.31080157321e-229,3.12974210982e-229
0.0001784,3.31080157321e-229,3.12974210982e-229
0.0001786,3.31080157321e-229,3.12974210982e-229
0.0001788,3.31080157321e-229,3.12974210982e-229
0.000179,3.3366672105e-229,3.12974210982e-229
0.0001792,3.36253284779e-229,3.12974210982e-229
0.0001794,3.36253284779e-229,3.12974210982e-229
0.0001796,3.3366672105e-229,3.12974210982e-229
0.0001798,3.3366672105e-229,3.12974210982e-229
0.00018,3.31080157321e-229,3.12974210982e-229
0.0001802,3.31080157321e-229,3.12974210982e-229
0.0001804,3.25907029863e-229,3.12974210982e-229
0.0001806,3.20733902405e-229,3.12974210982e-229
0.0001808,3.15560774947e-229,3.12974210982e-229
0.000181,3.10387647489e-229,3.12974210982e-229
0.0001812,3.0780108376e-229,3.12974210982e-229
0.0001814,2.97454828843e-229,3.12974210982e-229
0.0001816,2.89695137656e-229,3.12974210982e-229
0.0001818,2.81935446469e-229,3.12974210982e-229
0.000182,2.76762319011e-229,3.12974210982e-229
0.0001822,2.74175755282e-229,3.12974210982e-229
0.0001824,2.69002627824e-229,3.12974210982e-229
0.0001826,2.63829500365e-229,3.12974210982e-229
0.0001828,2.61242936636e-229,3.10387647255e-229
0.000183,2.61242936636e-229,3.12974210982e-229
0.0001832,2.61242936636e-229,3.12974210982e-229
0.0001834,2.61242936636e-229,3.12974210982e-229
0.0001836,2.63829500365e-229,3.12974210982e-229
0.0001838,2.66416064094e-229,3.12974210982e-229
0.000184,2.71589191553e-229,3.12974210982e-229
0.0001842,2.76762319011e-229,3.12974210982e-229
0.0001844,2.7934888274e-229,3.10387647255e-229
0.0001846,2.84522010198e-229,3.12974210982e-229
0.0001848,2.89695137656e-229,3.12974210982e-229
0.000185,2.97454828843e-229,3.12974210982e-229
0.0001852,3.05214520031e-229,3.12974210982e-229
0.0001854,3.0780108376e-229,3.12974210982e-229
0.0001856,3.12974211218e-229,3.12974210982e-229
0.0001858,3.18147338676e-229,3.12974210982e-229
0.000186,3.20733902405e-229,3.12974210982e-229
0.0001862,3.23320466134e-229,3.12974210982e-229
0.0001864,3.23320466134e-229,3.12974210982e-229
0.0001866,3.25907029863e-229,3.12974210982e-229
0.0001868,3.25907029863e-229,3.10387647255e-229
0.000187,3.25907029863e-229,3.12974210982e-229
0.0001872,3.28493593592e-229,3.12974210982e-229
0.0001874,3.25907029863e-229,3.12974210982e-229
0.0001876,3.25907029863e-229,3.12974210982e-229
0.0001878,3.23320466134e-229,3.12974210982e-229
0.000188,3.23320466134e-229,3.12974210982e-229
0.0001882,3.25907029863e-229,3.12974210982e-229
0.0001884,3.23320466134e-229,3.12974210982e-229
0.0001886,3.23320466134e-229,3.10387647255e-229
0.0001888,3.25907029863e-229,3.10387647255e-229
0.000189,3.25907029863e-229,3.12974210982e-229
0.0001892,3.31080157321e-229,3.12974210982e-229
0.0001894,3.3366672105e-229,3.12974210982e-229
0.0001896,3.38839848509e-229,3.10387647255e-229
0.0001898,3.46599539696e-229,3.12974210982e-229
0.00019,3.54359230883e-229,3.12974210982e-229
0.0001902,3.64705485799e-229,3.12974210982e-229
0.0001904,3.69878613257e-229,3.12974210982e-229
0.0001906,3.80224868174e-229,3.10387647255e-229
0.0001908,3.87984559361e-229,3.12974210982e-229
0.000191,3.95744250548e-229,3.12974210982e-229
0.0001912,4.03503941735e-229,3.12974210982e-229
0.0001914,4.08677069193e-229,3.12974210982e-229
0.0001916,4.13850196652e-229,3.12974210982e-229
0.0001918,4.1902332411e-229,3.12974210982e-229
0.000192,4.16436760381e-229,3.12974210982e-229
0.0001922,4.16436760381e-229,3.12974210982e-229
0.0001924,4.13850196652e-229,3.12974210982e-229
0.0001926,4.08677069193e-229,3.12974210982e-229
0.0001928,4.03503941735e-229,3.10387647255e-229
0.000193,3.95744250548e-229,3.12974210982e-229
0.0001932,3.87984559361e-229,3.10387647255e-229
0.0001934,3.75051740716e-229,3.12974210982e-229
0.0001936,3.67292049528e-229,3.12974210982e-229
0.0001938,3.54359230883e-229,3.12974210982e-229
0.000194,3.41426412238e-229,3.15560774709e-229
0.0001942,3.31080157321e-229,3.12974210982e-229
0.0001944,3.20733902405e-229,3.12974210982e-229
0.0001946,3.10387647489e-229,3.10387647255e-229
0.0001948,3.00041392572e-229,3.12974210982e-229
0.000195,2.89695137656e-229,3.12974210982e-229
0.0001952,2.81935446469e-229,3.12974210982e-229
0.0001954,2.71589191553e-229,3.12974210982e-229
0.0001956,2.66416064094e-229,3.12974210982e-229
0.0001958,2.61242936636e-229,3.12974210982e-229
0.000196,2.56069809178e-229,3.12974210982e-229
0.0001962,2.5089668172e-229,3.12974210982e-229
0.0001964,2.48310117991e-229,3.12974210982e-229
0.0001966,2.48310117991e-229,3.12974210982e-229
0.0001968,2.45723554262e-229,3.12974210982e-229
0.000197,2.48310117991e-229,3.12974210982e-229
0.0001972,2.48310117991e-229,3.12974210982e-229
0.0001974,2.5089668172e-229,3.12974210982e-229
0.0001976,2.56069809178e-229,3.12974210982e-229
0.0001978,2.63829500365e-229,3.12974210982e-229
0.000198,2.69002627824e-229,3.12974210982e-229
0.0001982,2.7934888274e-229,3.10387647255e-229
0.0001984,2.87108573927e-229,3.12974210982e-229
0.0001986,3.00041392572e-229,3.12974210982e-229
0.0001988,3.12974211218e-229,3.12974210982e-229
0.000199,3.23320466134e-229,3.12974210982e-229
0.0001992,3.31080157321e-229,3.12974210982e-229
0.0001994,3.41426412238e-229,3.12974210982e-229
0.0001996,3.49186103425e-229,3.10387647255e-229
0.0001998,3.56945794612e-229,3.12974210982e-229
0.0002,3.64705485799e-229,3.12974210982e-229
0.0002002,3.69878613257e-229,3.12974210982e-229
0.0002004,3.72465176986e-229,3.12974210982e-229
0.0002006,3.75051740716e-229,3.10387647255e-229
0.0002008,3.77638304445e-229,3.12974210982e-229
0.000201,3.77638304445e-229,3.12974210982e-229
0.0002012,3.77638304445e-229,3.12974210982e-229
0.0002014,3.75051740716e-229,3.12974210982e-229
0.0002016,3.77638304445e-229,3.10387647255e-229
0.0002018,3.77638304445e-229,3.12974210982e-229
0.000202,3.75051740716e-229,3.12974210982e-229
0.0002022,3.75051740716e-229,3.12974210982e-229
0.0002024,3.72465176986e-229,3.12974210982e-229
0.0002026,3.72465176986e-229,3.12974210982e-229
0.0002028,3.72465176986e-229,3.12974210982e-229
0.000203,3.72465176986e-229,3.12974210982e-229
0.0002032,3.69878613257e-229,3.12974210982e-229
0.0002034,3.69878613257e-229,3.12974210982e-229
